Date,Method,Calgary,Edmonton,Halifax,Montreal,Ottawa,Toronto,Vancouver
Jan-13,driving,100.0,100.0,100.0,100.0,100.0,100.0,100.0
Jan-14,driving,101.94,102.98,103.18,101.01,104.33,105.38,101.21
Jan-15,driving,100.5,104.72,110.38,106.71,104.19,102.42,73.72
Jan-16,driving,103.28,111.86,101.15,110.64,105.64,107.2,85.84
Jan-17,driving,113.39,129.58,120.01,117.82,118.39,122.11,105.74
Jan-18,driving,107.23,120.51,123.36,100.38,96.45,86.03,97.94
Jan-19,driving,80.72,85.96,61.43,73.03,75.69,78.09,80.17
Jan-20,driving,100.75,108.93,98.74,99.49,97.49,101.53,103.84
Jan-21,driving,104.51,113.75,104.46,100.45,100.35,101.79,107.72
Jan-22,driving,106.57,121.92,108.96,107.09,105.79,104.59,108.64
Jan-23,driving,107.43,117.68,114.64,108.45,107.11,105.81,112.85
Jan-24,driving,122.12,129.97,125.33,123.73,121.44,120.86,120.85
Jan-25,driving,114.36,125.58,126.22,107.93,99.75,106.37,108.37
Jan-26,driving,79.77,88.11,82.63,76.21,77.28,78.9,85.8
Jan-27,driving,96.35,102.72,98.93,95.66,94.92,94.06,96.92
Jan-28,driving,102.95,109.13,104.4,98.5,104.58,99.4,98.68
Jan-29,driving,103.61,114.16,102.8,100.67,103.6,101.89,99.32
Jan-30,driving,107.49,115.33,107.29,104.35,105.33,104.53,103.07
Jan-31,driving,126.67,132.69,128.54,120.42,129.08,120.54,118.83
Feb-01,driving,111.52,119.02,114.83,110.1,119.84,109.83,108.66
Feb-02,driving,80.58,88.71,78.25,83.64,86.99,77.15,81.01
Feb-03,driving,96.04,100.05,91.89,91.84,92.52,95.9,94.2
Feb-04,driving,102.19,106.16,99.0,97.22,98.79,99.63,86.66
Feb-05,driving,100.27,106.93,105.23,101.23,99.54,102.94,100.22
Feb-06,driving,105.3,114.13,94.75,104.56,101.21,99.53,106.86
Feb-07,driving,119.49,131.26,95.35,100.95,120.84,115.1,119.86
Feb-08,driving,112.8,127.22,120.58,102.63,116.24,107.83,114.18
Feb-09,driving,82.88,87.91,85.69,79.27,86.17,82.85,90.05
Feb-10,driving,97.51,102.48,102.34,120.77,103.28,98.57,99.1
Feb-11,driving,101.44,129.55,103.6,109.81,101.65,103.16,102.85
Feb-12,driving,103.78,118.77,95.33,109.81,106.16,104.66,106.29
Feb-13,driving,111.16,121.38,93.72,116.2,112.67,114.14,111.52
Feb-14,driving,130.28,141.73,136.14,128.24,130.02,131.44,139.86
Feb-15,driving,113.75,127.8,125.98,112.96,125.46,113.36,113.14
Feb-16,driving,90.53,99.46,96.2,89.36,103.71,93.46,98.97
Feb-17,driving,78.39,83.2,75.42,103.11,87.13,77.81,88.19
Feb-18,driving,110.56,112.69,107.85,106.67,108.77,112.68,108.41
Feb-19,driving,109.84,116.11,109.33,117.55,105.87,110.47,112.23
Feb-20,driving,115.46,117.8,114.56,111.72,113.44,118.14,114.43
Feb-21,driving,128.74,130.48,127.27,126.38,126.91,135.46,129.42
Feb-22,driving,124.68,128.72,123.97,110.69,120.03,124.75,115.94
Feb-23,driving,87.66,91.36,91.1,82.46,90.14,94.34,89.83
Feb-24,driving,97.58,101.5,101.4,98.02,99.44,100.31,98.5
Feb-25,driving,103.07,107.17,100.52,104.64,102.97,105.8,104.99
Feb-26,driving,103.35,108.94,108.68,101.59,96.26,95.55,106.61
Feb-27,driving,108.2,116.57,101.72,99.23,85.56,101.35,107.42
Feb-28,driving,124.83,138.37,131.9,123.5,126.16,121.95,127.04
Feb-29,driving,119.33,133.63,136.32,107.55,117.3,115.09,121.64
Mar-01,driving,86.58,96.32,93.34,83.46,87.16,86.44,91.03
Mar-02,driving,97.43,104.57,108.71,101.0,99.58,102.49,100.43
Mar-03,driving,103.94,108.45,112.6,106.11,108.64,112.25,102.7
Mar-04,driving,106.58,109.35,114.42,106.48,108.05,110.69,110.2
Mar-05,driving,106.94,111.38,119.48,114.17,112.76,117.3,109.35
Mar-06,driving,122.52,132.41,133.63,113.17,119.61,118.02,125.79
Mar-07,driving,107.91,125.01,110.26,102.71,113.63,113.84,111.07
Mar-08,driving,80.53,86.51,91.6,80.61,84.87,89.61,89.67
Mar-09,driving,93.64,101.84,96.6,97.58,95.8,100.41,97.18
Mar-10,driving,97.91,106.45,102.75,105.89,99.37,102.48,97.44
Mar-11,driving,98.59,105.73,102.04,104.81,97.01,98.95,99.21
Mar-12,driving,93.08,102.34,103.22,101.11,93.51,96.3,94.38
Mar-13,driving,89.7,103.52,110.06,90.32,95.95,95.52,95.67
Mar-14,driving,68.69,86.52,101.3,75.02,82.05,77.54,83.21
Mar-15,driving,53.52,60.53,71.85,55.79,59.17,58.99,67.11
Mar-16,driving,62.22,71.81,76.92,65.57,60.94,67.65,72.78
Mar-17,driving,59.51,67.21,70.21,56.45,54.02,59.18,66.01
Mar-18,driving,55.21,62.02,67.45,54.53,52.93,54.83,61.53
Mar-19,driving,53.61,61.78,62.51,53.16,51.23,52.76,58.56
Mar-20,driving,59.14,67.18,59.69,51.55,52.62,52.49,61.11
Mar-21,driving,47.86,51.51,61.14,39.43,43.68,43.4,50.31
Mar-22,driving,38.06,39.22,37.36,31.66,36.59,33.22,35.53
Mar-23,driving,48.55,52.46,45.25,43.14,40.77,40.23,44.05
Mar-24,driving,44.86,51.91,36.04,40.26,41.76,41.8,43.16
Mar-25,driving,46.83,52.9,46.79,34.22,38.61,38.72,45.92
Mar-26,driving,47.52,54.07,38.66,33.66,38.29,38.27,42.29
Mar-27,driving,54.27,61.58,50.08,37.73,44.67,42.98,46.72
Mar-28,driving,42.59,45.84,44.25,30.04,36.14,33.08,38.28
Mar-29,driving,36.5,36.84,36.81,23.16,27.13,29.21,36.44
Mar-30,driving,43.26,51.2,46.0,31.15,38.7,37.13,42.91
Mar-31,driving,44.48,48.69,43.38,34.41,42.64,38.83,46.19
Apr-01,driving,45.8,52.83,44.22,33.81,41.5,40.44,46.31
Apr-02,driving,46.14,51.03,42.0,32.0,40.84,40.35,44.62
Apr-03,driving,51.63,59.27,53.83,34.51,43.6,42.83,50.64
Apr-04,driving,45.39,47.95,45.0,30.56,37.76,35.54,43.59
Apr-05,driving,34.11,37.05,35.94,22.39,29.73,29.32,38.19
Apr-06,driving,47.34,52.35,46.92,32.82,40.23,38.66,47.09
Apr-07,driving,46.7,53.32,45.86,32.93,40.69,38.99,47.94
Apr-08,driving,50.93,56.64,52.34,33.43,41.96,41.18,50.6
Apr-09,driving,62.27,66.91,59.5,33.68,45.73,45.08,56.21
Apr-10,driving,46.72,53.84,39.46,33.19,35.87,32.74,48.02
Apr-11,driving,45.34,52.79,48.11,31.06,41.97,38.54,47.55
Apr-12,driving,35.26,36.8,32.17,24.92,29.11,26.97,38.48
Apr-13,driving,47.4,51.87,43.19,27.66,36.87,35.85,45.2
Apr-14,driving,51.25,56.92,55.19,35.78,44.06,42.21,51.71
Apr-15,driving,53.05,63.35,53.67,37.74,44.88,43.43,55.15
Apr-16,driving,59.19,65.69,58.21,38.83,45.58,43.91,55.23
Apr-17,driving,64.29,72.31,60.7,41.92,52.14,47.86,59.28
Apr-18,driving,56.17,63.3,51.53,36.36,45.59,42.76,55.59
Apr-19,driving,48.76,50.43,58.07,27.76,34.22,33.53,45.19
Apr-20,driving,60.14,67.24,58.51,42.36,48.83,45.81,54.41
Apr-21,driving,62.09,69.39,60.9,39.93,45.56,44.68,54.07
Apr-22,driving,62.91,70.08,60.82,41.38,48.81,47.45,53.9
Apr-23,driving,64.67,74.51,61.27,45.36,51.2,48.15,56.84
Apr-24,driving,73.8,82.5,73.39,49.32,55.73,53.44,64.84
Apr-25,driving,63.24,68.12,58.21,42.29,49.2,49.55,54.96
Apr-26,driving,52.07,55.35,44.13,32.54,39.4,35.59,46.7
Apr-27,driving,63.99,70.64,50.77,45.47,50.48,49.83,56.01
Apr-28,driving,67.47,76.75,51.79,48.57,54.32,49.63,57.39
Apr-29,driving,71.05,79.66,66.4,52.08,54.28,50.16,58.04
Apr-30,driving,72.53,81.43,70.04,47.58,53.12,52.25,63.79
May-01,driving,82.78,95.76,73.74,56.18,63.2,61.66,70.97
May-02,driving,73.45,80.91,61.08,51.28,53.99,51.92,57.45
May-03,driving,56.72,59.82,55.13,40.87,48.79,48.34,52.22
May-04,driving,66.8,75.27,61.4,53.83,57.5,56.07,60.96
May-05,driving,76.24,86.19,68.41,56.59,61.0,58.46,65.74
May-06,driving,74.7,90.06,77.02,59.47,62.36,60.58,65.09
May-07,driving,75.72,87.67,67.21,58.23,62.56,58.99,71.62
May-08,driving,83.52,97.99,84.71,61.4,66.46,65.07,80.51
May-09,driving,76.39,88.59,63.99,53.91,57.41,57.01,76.4
May-10,driving,60.04,64.11,56.97,45.62,52.23,47.87,63.63
May-11,driving,0.0,0.0,0.0,0.0,0.0,0.0,0.0
May-12,driving,0.0,0.0,0.0,0.0,0.0,0.0,0.0
May-13,driving,84.14,96.24,79.37,68.48,70.21,65.98,68.98
May-14,driving,88.51,97.0,82.46,70.59,69.46,62.92,72.68
May-15,driving,98.65,109.91,89.16,74.13,75.37,70.79,89.09
May-16,driving,86.05,93.7,67.87,67.64,67.96,70.73,67.47
May-17,driving,71.16,76.31,74.45,55.77,59.56,51.94,62.98
May-18,driving,70.23,75.95,68.66,62.71,61.3,47.22,71.34
May-19,driving,82.02,100.18,88.19,77.26,80.1,72.57,79.52
May-20,driving,83.36,104.05,93.38,81.14,84.46,80.12,78.6
May-21,driving,79.66,95.56,96.18,84.87,84.28,81.68,79.74
May-22,driving,92.83,108.41,108.41,95.43,95.51,90.13,90.2
May-23,driving,89.76,104.4,91.73,76.73,80.3,81.91,83.0
May-24,driving,79.85,87.52,77.87,65.98,69.3,64.76,70.68
May-25,driving,89.67,104.51,91.68,86.16,80.7,82.33,78.69
May-26,driving,90.84,103.17,90.79,91.85,83.86,84.99,85.98
May-27,driving,98.94,108.22,99.76,93.75,89.23,84.94,89.07
May-28,driving,99.84,113.3,102.89,94.01,87.49,80.34,89.4
May-29,driving,113.72,122.25,105.29,100.03,95.46,88.49,100.64
May-30,driving,101.31,110.6,79.16,85.5,82.47,88.4,80.19
May-31,driving,73.68,80.87,72.71,73.13,74.2,72.25,70.41
Jun-01,driving,98.01,108.22,96.48,93.32,88.38,85.33,86.3
Jun-02,driving,99.52,113.07,96.05,93.31,86.24,83.87,81.66
Jun-03,driving,105.48,110.43,86.78,94.44,89.62,85.65,87.94
Jun-04,driving,101.46,116.21,106.42,106.28,100.34,93.38,89.62
Jun-05,driving,115.08,134.78,116.5,115.91,108.37,99.66,103.59
Jun-06,driving,101.71,102.01,93.43,93.29,89.18,92.53,92.81
Jun-07,driving,71.26,79.01,78.07,86.92,80.75,77.18,84.42
Jun-08,driving,96.61,109.91,102.05,102.93,95.14,90.66,86.38
Jun-09,driving,103.66,115.02,110.43,105.15,96.8,95.44,84.76
Jun-10,driving,110.75,121.36,113.14,103.74,97.47,93.51,89.87
Jun-11,driving,111.59,124.39,112.05,108.4,105.11,99.44,92.09
Jun-12,driving,121.8,136.67,117.67,125.25,117.1,110.14,101.18
Jun-13,driving,105.69,116.27,119.17,101.14,98.75,100.59,97.0
Jun-14,driving,85.94,91.52,91.14,88.62,85.23,84.08,79.92
Jun-15,driving,110.23,116.97,112.15,113.82,104.53,96.91,88.3
Jun-16,driving,111.31,126.17,123.02,116.55,109.26,101.69,97.65
Jun-17,driving,109.11,119.68,122.81,118.35,113.94,103.53,101.63
Jun-18,driving,116.22,130.22,133.67,123.67,115.38,106.41,108.13
Jun-19,driving,131.94,146.68,142.35,139.57,125.29,119.24,115.6
Jun-20,driving,115.36,126.03,124.09,114.38,104.72,109.88,96.91
Jun-21,driving,86.77,88.69,83.03,89.45,81.88,83.33,84.12
Jun-22,driving,116.83,125.52,115.22,120.95,104.58,100.16,99.12
Jun-23,driving,118.35,127.89,123.73,128.04,111.11,100.21,100.06
Jun-24,driving,119.32,128.44,126.23,92.53,119.71,110.18,104.79
Jun-25,driving,129.04,137.48,129.24,130.34,119.05,113.71,112.74
Jun-26,driving,134.73,143.82,146.08,141.9,127.85,126.58,119.25
Jun-27,driving,110.86,120.96,124.7,112.07,101.96,105.98,107.39
Jun-28,driving,87.41,94.63,90.2,94.49,91.63,93.52,100.82
Jun-29,driving,115.28,126.32,123.44,123.35,114.27,109.87,108.24
Jun-30,driving,118.65,129.55,140.5,139.48,127.82,123.63,109.57
Jul-01,driving,106.61,104.69,106.61,122.49,98.05,97.95,87.01
Jul-02,driving,125.44,130.91,140.89,140.63,117.72,115.85,103.61
Jul-03,driving,141.71,142.67,148.31,149.96,144.44,124.36,113.44
Jul-04,driving,115.73,115.97,128.12,131.44,119.21,109.96,109.18
Jul-05,driving,100.2,96.67,101.85,107.58,103.53,93.08,106.85
Jul-06,driving,121.25,130.0,123.36,130.34,129.51,110.63,107.88
Jul-07,driving,121.56,127.47,137.96,132.6,120.82,114.61,108.05
Jul-08,driving,121.58,127.83,138.83,131.55,121.21,117.66,112.7
Jul-09,driving,133.24,137.49,144.44,137.15,123.15,120.45,111.11
Jul-10,driving,143.39,152.23,162.06,149.62,129.4,131.31,128.33
Jul-11,driving,128.09,128.2,140.04,108.05,104.59,105.13,107.73
Jul-12,driving,105.7,100.28,115.82,100.92,95.0,96.72,103.87
Jul-13,driving,123.24,128.46,140.17,127.57,115.55,111.55,111.84
Jul-14,driving,129.05,134.65,131.24,130.64,121.32,118.71,116.44
Jul-15,driving,129.18,137.01,138.05,138.24,125.93,121.76,119.41
Jul-16,driving,131.91,135.21,146.32,134.43,118.44,113.92,116.64
Jul-17,driving,136.75,150.03,157.89,144.41,132.89,138.5,127.84
Jul-18,driving,123.78,128.04,153.77,129.16,117.97,122.8,122.3
Jul-19,driving,97.48,99.84,127.39,99.62,92.09,87.06,109.34
Jul-20,driving,122.87,136.03,140.63,119.28,119.42,118.46,116.97
Jul-21,driving,126.85,132.97,153.09,124.06,122.58,118.25,116.55
Jul-22,driving,127.18,136.79,146.84,119.62,117.95,113.32,117.05
Jul-23,driving,126.39,136.33,138.6,126.33,123.76,124.25,115.69
Jul-24,driving,132.44,149.7,160.02,140.11,135.58,140.09,125.33
Jul-25,driving,120.48,127.83,144.25,125.6,118.31,125.18,119.85
Jul-26,driving,103.46,106.12,111.23,98.69,97.32,101.36,107.29
Jul-27,driving,123.27,134.48,134.3,110.2,114.94,113.76,114.85
Jul-28,driving,130.26,138.03,149.65,119.57,124.36,123.56,118.25
Jul-29,driving,131.1,141.06,153.34,116.72,120.75,124.23,121.14
Jul-30,driving,131.29,144.29,157.76,125.14,127.81,131.25,124.97
Jul-31,driving,139.71,155.67,164.51,131.1,133.99,138.46,133.83
Aug-01,driving,114.35,121.4,143.31,131.72,118.99,122.54,117.2
Aug-02,driving,102.07,101.32,129.05,92.66,85.95,85.18,103.03
Aug-03,driving,100.07,96.46,110.11,127.64,103.32,91.23,99.41
Aug-04,driving,130.05,138.36,153.66,118.11,118.23,117.98,119.74
Aug-05,driving,134.06,146.22,154.27,133.93,129.38,132.04,124.86
Aug-06,driving,135.01,146.67,162.18,144.5,134.95,134.22,119.07
Aug-07,driving,138.6,145.7,174.85,154.11,144.29,146.43,130.4
Aug-08,driving,123.9,131.07,163.65,129.66,124.91,132.99,117.88
Aug-09,driving,107.34,109.04,139.42,102.03,97.43,109.03,110.76
Aug-10,driving,129.08,138.42,150.57,129.97,120.97,122.67,118.44
Aug-11,driving,127.7,136.39,149.21,131.16,123.88,124.8,119.2
Aug-12,driving,131.67,141.83,151.23,140.23,133.11,133.37,121.5
Aug-13,driving,134.81,145.68,160.25,144.54,134.2,135.07,127.98
Aug-14,driving,147.29,155.99,169.16,157.5,144.56,148.42,139.06
Aug-15,driving,131.42,136.3,151.25,131.53,130.09,137.25,125.59
Aug-16,driving,110.75,111.29,125.07,108.04,101.31,103.49,113.21
Aug-17,driving,129.44,137.23,140.04,126.96,120.35,122.54,121.65
Aug-18,driving,132.69,143.01,151.24,134.72,126.99,127.33,123.91
Aug-19,driving,133.24,140.55,155.69,143.34,130.97,130.59,123.18
Aug-20,driving,135.4,140.86,164.22,141.74,132.99,136.34,119.51
Aug-21,driving,145.31,154.95,175.97,150.84,142.18,146.22,127.37
Aug-22,driving,128.76,127.17,164.14,135.09,129.83,133.3,119.1
Aug-23,driving,105.89,109.41,131.55,101.42,102.96,110.1,104.67
Aug-24,driving,127.42,131.8,150.01,127.54,124.15,123.19,116.0
Aug-25,driving,132.41,139.75,148.52,136.91,129.97,127.88,122.41
Aug-26,driving,135.14,140.27,158.31,142.33,134.23,124.94,122.73
Aug-27,driving,137.56,145.57,165.75,141.81,127.98,130.04,129.66
Aug-28,driving,150.25,156.78,177.13,157.64,145.45,142.25,138.68
Aug-29,driving,126.06,135.62,154.88,111.56,116.99,123.92,121.21
Aug-30,driving,108.48,107.37,127.09,108.17,112.75,108.89,106.14
Aug-31,driving,129.77,138.22,153.86,129.67,127.31,124.78,117.05
Sep-01,driving,135.97,140.75,168.53,133.31,133.03,128.47,121.52
Sep-02,driving,130.6,137.48,170.65,131.08,129.75,126.4,124.74
Sep-03,driving,135.36,142.05,162.35,143.15,144.35,137.18,130.7
Sep-04,driving,149.43,157.25,189.2,166.47,156.9,150.23,143.04
Sep-05,driving,127.81,125.95,177.65,134.12,135.49,126.32,116.12
Sep-06,driving,98.35,101.62,153.22,111.73,116.78,110.73,104.47
Sep-07,driving,93.06,98.51,118.33,90.64,93.67,87.66,106.25
Sep-08,driving,124.17,134.3,156.86,131.3,129.56,119.72,121.22
Sep-09,driving,126.49,138.29,151.02,129.3,122.68,121.85,121.54
Sep-10,driving,131.42,138.91,154.06,134.64,126.69,124.64,122.69
Sep-11,driving,147.82,153.82,176.36,155.26,146.34,142.3,132.79
Sep-12,driving,130.36,131.96,166.15,138.58,133.83,128.74,112.59
Sep-13,driving,98.76,98.92,122.18,91.67,94.53,97.18,89.99
Sep-14,driving,116.25,125.06,134.64,120.73,118.89,114.59,105.91
Sep-15,driving,120.73,129.16,148.26,125.2,119.32,118.14,109.78
Sep-16,driving,123.21,132.4,147.32,128.45,122.98,119.48,113.43
Sep-17,driving,128.38,133.48,142.86,136.07,124.22,122.45,114.49
Sep-18,driving,144.31,152.55,175.33,152.3,140.39,138.71,125.83
Sep-19,driving,128.42,136.07,161.15,134.99,122.81,124.39,111.85
Sep-20,driving,99.27,102.22,120.38,103.92,99.61,96.36,94.04
Sep-21,driving,113.57,119.92,132.02,112.52,110.53,107.09,103.95
Sep-22,driving,114.49,122.34,88.78,116.11,113.84,109.41,107.48
Sep-23,driving,117.28,123.99,96.97,116.9,113.51,113.22,104.5
Sep-24,driving,125.03,127.63,148.4,123.28,112.59,114.17,106.76
Sep-25,driving,136.76,144.44,166.15,136.34,129.25,134.72,118.59
Sep-26,driving,127.7,133.29,180.2,122.89,119.33,123.95,106.28
Sep-27,driving,97.53,96.91,120.48,92.68,92.86,96.19,89.71
Sep-28,driving,108.84,117.56,128.72,101.29,103.33,101.72,104.45
Sep-29,driving,114.02,120.7,133.76,107.6,101.37,104.88,112.23
Sep-30,driving,114.85,123.96,130.49,107.51,102.28,107.05,112.83
Oct-01,driving,125.7,125.54,143.73,105.29,110.15,110.04,110.67
Oct-02,driving,138.67,143.73,160.46,108.54,118.09,120.29,124.31
Oct-03,driving,126.97,134.75,157.56,88.78,116.53,112.88,114.07
Oct-04,driving,96.64,94.35,116.13,72.23,87.94,78.69,87.69
Oct-05,driving,108.27,112.23,118.23,95.73,96.77,98.99,100.44
Oct-06,driving,110.93,116.06,128.5,99.12,99.53,102.39,105.55
Oct-07,driving,112.33,117.98,131.35,93.84,97.55,102.23,107.09
Oct-08,driving,116.65,120.91,135.44,102.59,108.68,109.72,106.56
Oct-09,driving,131.57,136.17,156.22,111.91,119.11,125.57,119.34
Oct-10,driving,109.84,111.14,128.7,83.79,93.3,103.27,100.1
Oct-11,driving,78.9,74.93,89.24,71.08,74.2,77.18,71.95
Oct-12,driving,71.45,75.59,79.68,69.01,65.33,67.59,74.55
Oct-13,driving,108.08,111.77,125.42,90.12,92.72,104.24,99.13
Oct-14,driving,107.59,115.94,118.36,102.18,101.61,105.17,103.9
Oct-15,driving,115.05,121.21,138.35,102.96,97.91,104.72,106.37
Oct-16,driving,125.41,130.59,159.84,104.44,110.79,119.71,118.07
Oct-17,driving,111.43,118.65,146.61,90.55,104.22,112.91,110.36
Oct-18,driving,82.66,86.32,115.4,70.94,77.68,79.72,86.64
Jan-13,walking,100.0,100.0,100.0,100.0,100.0,100.0,100.0
Jan-14,walking,109.75,112.5,105.08,103.16,102.42,108.27,105.24
Jan-15,walking,107.73,111.51,108.73,114.86,107.93,109.14,91.04
Jan-16,walking,110.55,115.04,98.6,112.96,107.67,107.4,111.66
Jan-17,walking,129.2,138.23,118.22,122.87,108.22,124.37,139.11
Jan-18,walking,127.33,138.11,137.12,124.74,93.37,101.32,144.62
Jan-19,walking,96.13,91.34,67.04,84.83,82.64,78.84,111.74
Jan-20,walking,125.53,125.12,99.93,93.97,101.27,94.25,127.23
Jan-21,walking,146.35,134.13,101.64,100.68,100.04,99.36,123.44
Jan-22,walking,150.62,126.13,109.25,107.28,102.1,106.82,124.74
Jan-23,walking,143.29,138.41,117.13,118.09,111.62,109.61,126.53
Jan-24,walking,169.23,155.85,148.28,145.92,127.12,123.19,151.17
Jan-25,walking,159.13,160.18,157.22,133.71,104.9,120.48,155.88
Jan-26,walking,112.5,103.64,78.85,86.78,84.7,80.8,115.95
Jan-27,walking,123.78,117.53,111.43,103.04,101.59,94.25,122.67
Jan-28,walking,143.63,137.66,123.98,108.6,106.69,104.44,119.75
Jan-29,walking,132.22,144.08,114.19,104.53,105.59,104.38,113.42
Jan-30,walking,146.1,146.72,117.78,111.04,112.26,107.41,122.02
Jan-31,walking,165.58,172.42,150.63,138.9,140.21,127.03,134.76
Feb-01,walking,153.92,144.45,144.73,144.61,140.31,128.3,152.83
Feb-02,walking,100.42,100.98,78.27,91.4,91.3,78.76,106.51
Feb-03,walking,109.81,114.38,91.91,96.08,101.26,99.94,113.92
Feb-04,walking,123.85,122.55,104.09,104.77,112.39,103.55,99.42
Feb-05,walking,124.26,127.03,108.39,105.88,105.82,100.94,115.89
Feb-06,walking,139.52,151.39,99.32,105.0,101.56,94.36,126.94
Feb-07,walking,162.08,169.1,109.18,111.5,126.46,117.55,152.35
Feb-08,walking,144.84,159.81,142.41,136.13,117.5,120.51,179.32
Feb-09,walking,97.82,102.11,92.19,88.24,83.37,82.53,122.22
Feb-10,walking,120.02,124.77,88.71,102.05,105.75,99.13,124.2
Feb-11,walking,133.71,137.94,100.55,105.72,105.57,105.44,125.66
Feb-12,walking,124.11,127.64,99.56,114.31,110.18,105.93,129.05
Feb-13,walking,168.41,142.07,92.08,119.14,102.96,113.2,133.32
Feb-14,walking,200.65,163.93,150.43,149.13,128.47,136.5,191.7
Feb-15,walking,170.43,154.06,161.96,170.69,147.2,132.36,173.07
Feb-16,walking,132.92,118.41,109.52,135.51,131.87,108.96,157.44
Feb-17,walking,91.18,84.49,85.33,112.34,94.15,84.58,123.35
Feb-18,walking,136.93,119.08,111.7,105.32,99.17,107.88,137.17
Feb-19,walking,141.26,137.58,116.62,114.27,105.21,111.0,145.23
Feb-20,walking,173.46,142.24,120.81,117.38,109.11,120.1,151.22
Feb-21,walking,184.29,161.33,142.37,143.34,133.86,151.17,177.14
Feb-22,walking,168.36,160.21,145.65,145.74,135.22,157.44,179.83
Feb-23,walking,104.94,102.78,95.94,97.43,95.12,106.78,116.49
Feb-24,walking,120.58,118.45,101.6,103.27,116.21,106.95,120.73
Feb-25,walking,130.4,128.26,110.37,110.01,110.77,106.05,120.24
Feb-26,walking,136.43,136.63,113.07,104.09,98.7,90.75,127.04
Feb-27,walking,139.76,160.15,100.07,101.46,91.3,93.96,126.08
Feb-28,walking,173.68,180.4,161.79,132.75,124.19,114.26,151.37
Feb-29,walking,158.82,164.1,184.37,149.78,124.48,127.32,180.47
Mar-01,walking,113.31,110.24,97.85,98.56,89.15,95.86,118.62
Mar-02,walking,132.42,130.47,116.07,107.97,103.87,104.85,108.45
Mar-03,walking,137.45,132.95,123.58,119.21,109.77,112.16,118.08
Mar-04,walking,135.88,134.61,120.23,118.95,120.78,119.56,143.1
Mar-05,walking,141.7,135.64,135.24,137.22,126.61,130.82,134.11
Mar-06,walking,172.71,154.02,160.53,135.28,126.44,123.1,177.98
Mar-07,walking,139.88,149.9,135.79,138.68,139.2,142.35,173.67
Mar-08,walking,103.73,100.7,93.69,101.52,97.77,110.63,131.97
Mar-09,walking,125.45,127.33,95.43,109.21,114.93,115.03,116.52
Mar-10,walking,127.38,128.05,109.14,107.72,103.29,104.64,108.03
Mar-11,walking,125.51,127.49,105.83,115.92,103.94,100.89,116.99
Mar-12,walking,116.37,117.86,121.56,110.76,99.13,96.24,110.71
Mar-13,walking,101.87,119.8,123.51,99.4,98.92,93.02,113.34
Mar-14,walking,88.01,111.38,133.33,98.89,91.17,85.78,110.6
Mar-15,walking,69.29,78.97,75.13,67.33,65.03,64.95,87.1
Mar-16,walking,86.9,91.93,70.11,66.61,63.56,62.02,84.16
Mar-17,walking,76.85,83.57,63.7,52.96,51.5,52.24,74.36
Mar-18,walking,65.53,80.48,63.63,56.27,55.21,47.08,69.33
Mar-19,walking,67.41,77.87,57.39,51.65,52.65,47.32,64.05
Mar-20,walking,77.1,84.77,47.05,46.5,49.35,45.59,65.27
Mar-21,walking,69.18,65.94,51.04,42.9,43.87,41.38,58.78
Mar-22,walking,65.11,52.26,30.74,37.2,50.31,33.73,39.58
Mar-23,walking,70.03,68.54,40.81,38.09,39.12,32.85,42.74
Mar-24,walking,64.09,72.81,28.8,41.39,46.25,37.65,43.91
Mar-25,walking,67.38,69.52,43.64,40.86,43.59,37.51,46.99
Mar-26,walking,67.45,72.76,30.47,37.19,41.61,36.59,37.93
Mar-27,walking,73.4,84.8,39.34,46.55,52.32,41.56,40.52
Mar-28,walking,57.78,60.84,46.37,38.79,43.26,29.89,33.47
Mar-29,walking,61.3,49.16,41.97,22.54,26.05,32.76,40.69
Mar-30,walking,53.1,65.79,39.82,29.25,44.94,32.4,39.58
Mar-31,walking,57.62,64.31,35.18,42.76,47.49,34.07,45.06
Apr-01,walking,58.84,61.32,37.84,37.11,48.35,41.29,44.05
Apr-02,walking,56.95,61.06,28.9,33.4,48.95,40.97,41.46
Apr-03,walking,58.01,66.39,36.85,38.2,43.45,37.27,46.34
Apr-04,walking,65.21,61.1,34.36,46.23,52.19,36.09,42.52
Apr-05,walking,49.31,44.75,29.99,29.71,36.39,34.4,39.18
Apr-06,walking,72.66,69.53,42.95,41.32,55.22,39.02,48.19
Apr-07,walking,65.47,71.42,35.96,43.46,50.31,35.57,48.61
Apr-08,walking,73.93,77.74,43.06,39.9,43.44,40.45,51.68
Apr-09,walking,88.37,84.73,45.0,33.38,39.35,37.03,54.31
Apr-10,walking,61.7,71.81,28.18,35.65,36.76,30.42,50.27
Apr-11,walking,63.29,63.73,38.66,37.34,45.0,35.27,51.57
Apr-12,walking,50.48,46.94,30.74,37.06,39.8,29.38,43.02
Apr-13,walking,63.78,67.66,36.03,27.8,33.33,28.95,49.47
Apr-14,walking,66.91,66.03,49.16,39.22,46.24,36.03,51.08
Apr-15,walking,65.78,80.07,38.18,38.85,41.89,34.69,54.98
Apr-16,walking,85.81,89.72,42.95,39.81,41.74,33.88,56.76
Apr-17,walking,83.77,90.55,47.66,43.15,50.88,38.52,55.37
Apr-18,walking,79.23,90.4,36.1,46.53,54.3,40.44,59.25
Apr-19,walking,83.5,75.35,31.32,32.26,35.65,30.87,46.0
Apr-20,walking,95.14,107.6,46.4,45.0,53.38,41.0,54.76
Apr-21,walking,99.56,99.58,48.14,34.89,39.26,32.88,50.87
Apr-22,walking,92.28,95.65,42.44,37.69,42.44,38.99,46.17
Apr-23,walking,90.04,100.16,47.46,44.16,48.92,38.56,54.38
Apr-24,walking,100.68,111.79,43.26,50.7,48.8,42.61,56.86
Apr-25,walking,91.2,98.8,46.54,56.53,61.46,50.43,53.55
Apr-26,walking,80.61,79.29,40.53,36.33,44.21,29.87,43.42
Apr-27,walking,85.24,94.51,34.46,42.24,58.01,48.44,54.41
Apr-28,walking,102.02,108.4,39.0,52.1,63.89,41.97,51.01
Apr-29,walking,105.79,116.55,50.6,54.24,54.12,39.47,53.15
Apr-30,walking,101.47,97.6,54.08,40.15,45.94,42.66,62.45
May-01,walking,120.24,122.89,53.6,54.13,64.5,55.52,69.23
May-02,walking,119.33,118.65,45.99,68.57,64.25,47.71,50.38
May-03,walking,88.02,80.04,53.7,52.74,68.19,60.4,54.3
May-04,walking,87.43,96.85,48.11,51.1,60.42,49.56,61.05
May-05,walking,112.68,126.13,53.19,55.83,65.94,50.12,68.38
May-06,walking,104.92,124.43,61.11,62.68,64.43,54.23,64.39
May-07,walking,104.18,126.32,47.87,57.69,60.59,47.79,74.18
May-08,walking,105.72,125.28,58.61,53.69,59.61,49.15,84.55
May-09,walking,108.0,123.37,43.84,49.13,46.48,41.08,85.01
May-10,walking,91.68,82.61,38.93,43.65,57.38,38.17,68.61
May-11,walking,0.0,0.0,0.0,0.0,0.0,0.0,0.0
May-12,walking,0.0,0.0,0.0,0.0,0.0,0.0,0.0
May-13,walking,123.27,145.81,57.45,63.77,71.17,60.01,68.76
May-14,walking,121.66,135.21,64.52,69.22,70.66,47.6,72.49
May-15,walking,138.08,156.13,74.92,57.88,64.03,56.01,96.04
May-16,walking,140.9,144.37,50.6,69.16,71.92,73.51,66.34
May-17,walking,119.6,121.89,54.25,69.8,75.91,48.62,68.93
May-18,walking,115.09,125.03,51.65,68.51,74.16,39.12,87.88
May-19,walking,112.51,154.55,71.85,72.76,83.42,61.12,85.34
May-20,walking,112.03,150.39,77.62,81.93,89.44,75.54,80.89
May-21,walking,105.99,121.0,79.94,81.84,88.95,77.49,87.76
May-22,walking,118.27,141.59,83.38,92.87,95.1,83.42,97.57
May-23,walking,133.5,149.83,73.9,82.5,85.95,85.38,92.68
May-24,walking,129.18,138.19,62.71,74.93,81.77,67.19,79.44
May-25,walking,135.29,155.45,78.64,77.65,80.16,76.94,80.31
May-26,walking,132.02,147.42,72.88,87.11,83.31,79.8,95.91
May-27,walking,150.13,142.15,75.95,81.19,81.16,78.53,99.34
May-28,walking,144.05,168.22,80.96,81.34,79.27,60.76,100.36
May-29,walking,171.5,162.08,85.4,85.75,83.83,71.46,109.06
May-30,walking,160.9,160.51,57.73,79.78,78.23,82.52,82.73
May-31,walking,98.18,111.25,59.74,74.44,78.63,68.16,82.46
Jun-01,walking,152.35,156.13,91.47,79.36,92.68,81.11,100.85
Jun-02,walking,157.93,165.51,72.67,77.77,76.95,74.45,82.62
Jun-03,walking,167.63,153.9,65.95,81.98,87.7,78.65,96.54
Jun-04,walking,147.44,154.83,91.78,100.9,100.26,86.45,95.43
Jun-05,walking,164.65,215.07,110.85,103.68,117.89,83.59,118.92
Jun-06,walking,160.91,137.92,77.45,83.24,81.45,89.23,108.04
Jun-07,walking,99.9,103.34,58.34,97.65,88.55,77.56,99.44
Jun-08,walking,138.68,151.36,86.76,94.4,94.87,85.1,93.69
Jun-09,walking,156.5,165.8,99.22,94.74,87.16,86.36,89.08
Jun-10,walking,170.0,173.66,104.23,90.43,89.76,78.22,97.48
Jun-11,walking,166.71,177.02,95.39,94.86,95.45,87.05,98.69
Jun-12,walking,183.41,187.76,103.07,103.66,104.05,92.52,103.71
Jun-13,walking,152.79,157.92,101.5,89.68,90.96,96.38,112.48
Jun-14,walking,121.66,125.84,74.75,87.29,89.05,79.6,86.62
Jun-15,walking,166.06,159.33,103.86,105.64,103.33,87.43,89.73
Jun-16,walking,161.5,179.78,108.94,108.59,108.29,90.45,110.71
Jun-17,walking,144.81,163.21,111.5,109.55,109.99,91.69,111.74
Jun-18,walking,164.32,182.97,118.87,108.31,108.83,92.94,116.15
Jun-19,walking,192.48,200.48,132.38,114.2,110.86,98.52,130.97
Jun-20,walking,174.39,182.3,101.4,99.11,95.62,96.66,106.1
Jun-21,walking,121.86,111.66,64.86,76.74,74.49,71.47,95.61
Jun-22,walking,177.17,181.27,108.05,103.67,96.08,84.74,111.82
Jun-23,walking,165.08,184.9,110.47,102.86,98.32,80.27,109.8
Jun-24,walking,167.65,175.64,107.71,87.13,108.29,96.46,118.84
Jun-25,walking,189.46,191.34,118.76,115.24,106.56,98.69,124.91
Jun-26,walking,185.66,190.02,134.15,124.13,116.33,109.2,126.42
Jun-27,walking,149.04,163.08,131.93,104.64,85.93,98.0,124.67
Jun-28,walking,112.09,125.82,72.84,82.83,84.93,89.03,112.43
Jun-29,walking,155.58,172.28,111.87,104.88,104.77,100.26,122.53
Jun-30,walking,146.35,169.33,123.47,119.87,113.93,108.37,123.07
Jul-01,walking,171.34,141.86,127.5,118.6,104.61,99.69,100.8
Jul-02,walking,169.87,172.65,127.53,122.27,97.16,96.81,111.12
Jul-03,walking,203.89,189.78,145.96,138.4,119.47,105.66,112.16
Jul-04,walking,177.76,160.53,129.75,119.75,105.32,102.22,132.87
Jul-05,walking,139.87,129.62,89.15,95.75,90.88,82.84,121.16
Jul-06,walking,174.75,180.15,104.09,114.5,106.4,97.86,118.1
Jul-07,walking,169.77,167.43,132.24,115.68,109.5,97.96,115.93
Jul-08,walking,161.45,165.18,125.25,113.9,105.61,97.07,127.33
Jul-09,walking,188.81,186.01,135.96,118.87,101.35,102.19,118.19
Jul-10,walking,208.82,198.78,150.97,125.17,111.84,106.65,143.23
Jul-11,walking,188.88,180.7,128.05,95.09,97.65,86.97,123.32
Jul-12,walking,146.98,138.63,83.93,91.75,90.33,88.45,120.63
Jul-13,walking,167.59,166.62,125.83,112.06,103.67,98.57,126.52
Jul-14,walking,186.02,182.12,121.56,117.26,110.05,104.44,129.77
Jul-15,walking,177.78,186.32,132.0,121.75,117.29,107.31,132.29
Jul-16,walking,183.36,174.99,144.25,112.86,103.39,90.37,124.55
Jul-17,walking,188.66,206.27,170.79,121.59,121.06,119.52,140.48
Jul-18,walking,186.75,171.23,164.69,115.28,117.95,112.62,147.73
Jul-19,walking,127.14,116.86,106.96,85.15,83.19,70.21,121.91
Jul-20,walking,176.0,184.21,133.37,105.26,108.54,103.61,127.31
Jul-21,walking,172.37,179.77,149.37,113.16,115.69,106.46,128.39
Jul-22,walking,169.85,187.11,131.83,107.01,104.7,90.6,128.08
Jul-23,walking,168.86,169.12,130.88,115.52,114.81,108.36,125.92
Jul-24,walking,168.28,193.49,167.04,126.76,123.47,119.11,135.99
Jul-25,walking,174.44,175.54,154.83,113.59,117.84,115.34,142.5
Jul-26,walking,144.46,138.49,106.07,82.11,85.85,89.05,121.09
Jul-27,walking,174.23,177.63,135.93,92.77,100.07,94.39,122.11
Jul-28,walking,179.37,185.53,141.21,110.77,114.64,108.27,127.63
Jul-29,walking,174.83,187.95,141.08,100.6,105.14,107.18,130.37
Jul-30,walking,177.72,188.49,149.44,115.05,111.13,110.23,132.4
Jul-31,walking,181.21,183.96,162.37,116.57,123.9,114.86,138.99
Aug-01,walking,159.74,163.71,140.7,121.25,126.15,111.73,144.59
Aug-02,walking,143.62,137.46,109.11,78.68,73.22,73.2,125.89
Aug-03,walking,129.79,121.45,98.53,113.75,100.86,79.31,115.51
Aug-04,walking,185.75,177.78,152.95,88.18,95.73,94.57,131.17
Aug-05,walking,191.4,185.38,140.81,116.34,117.79,118.89,135.4
Aug-06,walking,173.7,184.24,140.09,126.62,124.49,119.05,122.13
Aug-07,walking,185.86,182.14,179.7,132.76,134.56,130.17,135.42
Aug-08,walking,171.33,181.94,163.63,122.98,138.02,128.63,139.65
Aug-09,walking,143.78,142.75,108.15,89.64,84.87,97.93,124.16
Aug-10,walking,174.54,182.32,136.95,110.17,108.2,106.81,127.24
Aug-11,walking,168.99,173.34,146.47,110.35,107.2,108.4,134.04
Aug-12,walking,176.57,183.39,147.08,124.14,126.12,116.71,134.37
Aug-13,walking,178.11,188.14,160.59,125.59,128.99,118.05,136.64
Aug-14,walking,202.84,197.03,170.11,138.48,140.77,129.71,153.81
Aug-15,walking,190.97,175.82,170.62,125.9,144.01,127.9,146.55
Aug-16,walking,156.45,134.2,116.17,102.83,92.44,89.3,122.6
Aug-17,walking,180.71,176.38,131.15,110.43,116.88,104.14,132.54
Aug-18,walking,185.33,191.92,162.57,122.49,124.56,118.17,139.7
Aug-19,walking,184.63,187.38,160.32,128.08,126.93,120.41,135.72
Aug-20,walking,179.96,181.36,156.84,126.87,118.23,121.51,131.71
Aug-21,walking,197.8,201.92,184.34,132.79,137.93,126.43,135.81
Aug-22,walking,189.58,166.64,192.73,140.63,141.61,129.58,149.06
Aug-23,walking,143.23,144.06,132.11,101.19,97.64,97.24,120.16
Aug-24,walking,176.49,166.8,162.95,115.68,119.27,110.21,129.9
Aug-25,walking,183.1,182.35,143.77,129.8,128.85,115.6,139.31
Aug-26,walking,182.31,183.14,161.89,134.29,133.29,110.76,141.15
Aug-27,walking,185.26,190.2,184.27,135.4,118.8,113.44,145.48
Aug-28,walking,207.29,195.48,210.1,151.54,144.98,124.23,159.43
Aug-29,walking,177.56,182.81,190.92,102.96,112.79,121.95,147.69
Aug-30,walking,155.39,135.68,140.05,114.39,120.03,102.92,117.15
Aug-31,walking,190.57,179.56,177.65,129.28,133.95,115.99,132.46
Sep-01,walking,194.76,182.98,196.49,122.72,130.19,120.59,144.0
Sep-02,walking,184.01,193.91,182.26,116.79,131.25,116.45,143.03
Sep-03,walking,188.69,195.13,186.63,137.97,152.58,125.69,144.83
Sep-04,walking,213.34,206.45,256.06,153.0,165.22,134.99,153.87
Sep-05,walking,195.1,176.51,256.53,148.78,163.47,127.24,148.68
Sep-06,walking,130.97,137.41,227.77,129.0,150.95,115.9,134.11
Sep-07,walking,128.15,122.75,147.15,88.67,106.29,85.14,127.2
Sep-08,walking,168.91,177.37,215.49,116.26,138.12,109.24,134.27
Sep-09,walking,180.38,192.6,177.52,114.86,124.19,111.51,137.76
Sep-10,walking,183.05,188.71,184.14,115.91,126.93,111.86,140.71
Sep-11,walking,211.08,204.05,229.58,148.43,154.13,129.07,149.11
Sep-12,walking,190.77,179.85,235.18,145.3,158.64,128.24,135.42
Sep-13,walking,132.57,127.46,128.11,78.94,87.87,92.62,101.24
Sep-14,walking,157.7,156.74,163.25,105.51,119.49,104.11,113.9
Sep-15,walking,152.14,158.75,166.05,107.89,119.17,107.16,122.38
Sep-16,walking,168.86,174.22,158.58,116.82,125.92,109.99,125.69
Sep-17,walking,175.18,178.17,170.28,122.02,127.35,108.05,125.12
Sep-18,walking,208.24,194.37,221.6,138.3,136.01,120.91,142.8
Sep-19,walking,197.88,177.82,243.26,130.9,130.5,119.35,139.47
Sep-20,walking,142.91,131.08,143.84,101.51,105.0,92.7,113.56
Sep-21,walking,155.94,152.52,158.79,104.6,113.77,99.02,116.54
Sep-22,walking,157.22,161.85,104.23,103.57,115.43,101.18,121.67
Sep-23,walking,163.38,153.8,111.84,103.78,120.25,103.13,106.45
Sep-24,walking,173.75,162.97,179.63,107.89,110.12,100.83,114.1
Sep-25,walking,193.79,188.19,240.26,125.57,129.27,120.46,137.41
Sep-26,walking,184.04,178.54,247.08,126.22,132.12,124.01,131.56
Sep-27,walking,130.08,121.95,131.93,90.8,96.67,92.84,105.04
Sep-28,walking,150.28,152.09,146.95,87.65,103.62,92.64,116.53
Sep-29,walking,163.34,161.94,163.94,87.48,98.94,91.57,124.85
Sep-30,walking,154.47,154.19,141.86,93.35,98.96,86.27,121.91
Oct-01,walking,161.54,156.82,174.62,86.01,102.38,93.75,120.96
Oct-02,walking,207.5,178.55,218.01,87.07,106.96,100.79,141.43
Oct-03,walking,188.26,181.19,229.17,85.08,115.88,103.86,140.84
Oct-04,walking,125.75,115.73,126.65,69.55,82.37,68.02,103.43
Oct-05,walking,149.06,142.83,116.38,80.83,91.08,88.34,108.59
Oct-06,walking,151.86,146.86,151.83,87.28,91.88,87.09,117.74
Oct-07,walking,153.08,147.52,142.31,75.04,88.39,85.56,115.97
Oct-08,walking,156.1,146.55,152.17,84.5,94.9,88.56,114.62
Oct-09,walking,174.46,158.17,187.38,95.7,107.97,103.94,119.21
Oct-10,walking,157.83,138.75,165.61,79.94,90.49,89.28,125.92
Oct-11,walking,115.93,94.38,115.25,72.55,75.54,69.14,79.53
Oct-12,walking,86.92,89.98,89.39,68.93,66.27,57.82,84.57
Oct-13,walking,137.68,131.71,135.79,69.19,89.29,88.41,102.06
Oct-14,walking,145.53,146.39,126.89,88.12,102.75,89.11,116.04
Oct-15,walking,154.14,151.71,166.7,88.45,92.59,75.89,115.2
Oct-16,walking,161.88,156.44,200.82,85.07,105.27,98.26,133.57
Oct-17,walking,158.13,147.9,186.01,91.89,106.04,102.43,140.92
Oct-18,walking,112.01,105.39,124.39,70.93,80.5,70.35,101.77
Jan-13,transit,100.0,100.0,100.0,100.0,100.0,100.0,100.0
Jan-14,transit,97.6,101.15,106.6,100.85,103.2,102.39,93.81
Jan-15,transit,92.02,100.08,98.2,104.22,103.9,100.57,86.78
Jan-16,transit,96.35,104.48,104.29,108.68,101.13,99.41,96.86
Jan-17,transit,97.68,104.64,122.47,110.74,101.97,105.64,104.61
Jan-18,transit,81.31,77.9,113.81,101.08,85.21,85.0,96.55
Jan-19,transit,78.28,72.6,67.62,82.55,70.78,73.17,78.93
Jan-20,transit,117.22,119.54,100.47,104.29,95.82,96.55,95.33
Jan-21,transit,119.2,120.08,103.39,105.56,100.01,98.78,94.0
Jan-22,transit,115.49,121.73,94.43,107.05,101.13,104.07,93.68
Jan-23,transit,111.5,119.53,103.95,108.94,99.26,102.69,94.77
Jan-24,transit,113.99,115.39,120.5,120.67,106.7,109.45,104.87
Jan-25,transit,95.42,82.92,103.73,101.45,89.15,90.8,95.56
Jan-26,transit,73.49,72.05,74.96,81.04,69.6,74.47,79.43
Jan-27,transit,106.79,108.12,93.95,101.45,95.86,93.65,86.83
Jan-28,transit,112.78,116.69,90.22,107.47,99.02,97.32,83.96
Jan-29,transit,116.83,113.5,95.67,101.12,97.29,96.71,82.32
Jan-30,transit,117.45,112.99,110.59,105.93,100.4,100.49,84.49
Jan-31,transit,119.8,113.03,108.96,115.59,108.2,107.06,93.45
Feb-01,transit,95.66,80.22,85.25,103.2,88.01,93.93,96.45
Feb-02,transit,78.56,75.68,74.79,82.75,78.39,72.93,77.48
Feb-03,transit,105.57,108.01,94.98,98.69,91.54,94.87,84.74
Feb-04,transit,108.22,115.08,95.71,102.06,94.63,97.41,81.85
Feb-05,transit,106.07,114.27,96.53,103.72,91.7,94.07,86.19
Feb-06,transit,112.65,116.68,108.4,108.33,92.75,93.59,88.88
Feb-07,transit,116.43,111.22,99.44,113.84,109.79,101.27,100.0
Feb-08,transit,92.12,86.78,96.78,110.31,82.4,91.5,101.81
Feb-09,transit,73.82,72.75,77.92,87.03,67.97,76.8,82.57
Feb-10,transit,106.64,109.6,95.71,112.65,90.44,94.28,86.51
Feb-11,transit,105.83,121.59,106.17,107.83,94.61,96.37,87.62
Feb-12,transit,110.22,121.83,94.55,109.11,92.98,96.55,87.71
Feb-13,transit,123.36,120.04,98.46,113.2,93.38,105.34,92.11
Feb-14,transit,120.03,115.2,107.12,120.66,89.08,106.43,114.54
Feb-15,transit,97.0,84.28,91.64,108.67,78.45,91.48,98.97
Feb-16,transit,75.69,72.46,77.19,92.21,67.74,78.1,89.15
Feb-17,transit,82.91,74.0,66.68,101.2,67.99,74.57,87.66
Feb-18,transit,107.73,107.93,95.63,102.58,86.32,105.01,96.72
Feb-19,transit,111.31,115.57,93.14,106.72,86.1,102.06,98.09
Feb-20,transit,117.94,107.09,89.75,112.23,91.39,106.04,96.7
Feb-21,transit,126.11,106.11,96.14,124.14,96.5,119.23,106.04
Feb-22,transit,99.8,87.17,86.11,104.54,80.53,102.69,99.21
Feb-23,transit,76.61,70.61,74.61,82.93,68.43,82.78,79.62
Feb-24,transit,107.37,111.66,94.21,97.94,88.99,96.38,86.78
Feb-25,transit,108.4,109.92,92.62,101.31,88.81,97.42,84.92
Feb-26,transit,104.76,111.57,96.48,101.46,84.46,91.14,86.25
Feb-27,transit,107.69,120.3,92.84,105.07,87.56,91.91,88.43
Feb-28,transit,123.13,117.87,124.01,119.5,98.73,101.46,100.88
Feb-29,transit,98.49,93.23,103.34,110.81,89.2,96.0,106.99
Mar-01,transit,75.81,72.45,79.72,88.28,74.97,78.23,81.56
Mar-02,transit,103.99,111.38,102.87,103.93,92.95,96.47,85.44
Mar-03,transit,109.33,116.1,102.79,108.35,94.0,99.29,86.57
Mar-04,transit,112.41,123.27,94.51,109.8,98.67,101.12,91.62
Mar-05,transit,108.98,115.5,109.09,115.73,102.01,108.56,87.07
Mar-06,transit,122.71,118.64,109.86,112.04,100.09,101.25,103.19
Mar-07,transit,90.08,85.69,88.34,100.34,90.8,94.85,95.74
Mar-08,transit,77.0,68.34,81.99,84.39,70.92,78.97,82.27
Mar-09,transit,100.97,101.69,93.7,101.05,90.95,95.76,81.5
Mar-10,transit,102.98,105.18,103.39,101.42,90.81,91.15,79.71
Mar-11,transit,102.18,100.98,103.6,99.13,84.56,89.65,80.43
Mar-12,transit,89.22,96.43,101.93,89.87,77.56,82.3,75.31
Mar-13,transit,77.11,86.34,90.82,76.74,75.79,74.08,75.87
Mar-14,transit,55.83,62.31,93.01,65.37,58.37,59.03,71.08
Mar-15,transit,46.26,46.09,54.59,51.46,43.8,48.41,58.19
Mar-16,transit,48.87,57.97,56.48,49.52,40.67,47.04,53.46
Mar-17,transit,40.63,59.8,48.07,39.0,31.26,37.11,42.71
Mar-18,transit,35.71,45.16,43.87,36.73,27.52,33.01,36.94
Mar-19,transit,32.34,35.93,37.05,32.21,25.29,30.24,32.15
Mar-20,transit,32.91,36.89,26.97,30.84,23.02,28.79,31.19
Mar-21,transit,26.55,26.67,24.7,27.16,21.42,25.4,27.75
Mar-22,transit,24.18,23.87,19.85,23.94,18.98,21.74,20.9
Mar-23,transit,26.34,28.67,24.06,24.15,18.27,23.54,21.91
Mar-24,transit,23.38,24.84,18.48,21.71,18.2,21.81,20.02
Mar-25,transit,25.01,24.82,23.5,20.35,17.88,20.07,20.58
Mar-26,transit,21.55,24.95,22.0,19.21,17.62,19.2,19.06
Mar-27,transit,23.64,25.75,19.34,19.72,17.83,19.66,18.77
Mar-28,transit,18.69,19.49,14.75,18.41,16.74,16.75,18.3
Mar-29,transit,18.82,19.59,15.35,15.52,14.54,16.95,18.01
Mar-30,transit,23.66,23.38,21.18,19.07,16.36,19.42,20.01
Mar-31,transit,21.42,20.86,22.98,19.98,17.03,19.68,20.35
Apr-01,transit,21.63,24.01,22.08,18.62,16.18,19.09,19.36
Apr-02,transit,20.44,21.72,15.69,18.3,15.25,18.95,18.65
Apr-03,transit,19.33,21.8,15.18,18.89,15.93,17.91,19.44
Apr-04,transit,20.18,18.42,13.68,17.25,15.05,16.0,18.04
Apr-05,transit,17.31,17.1,15.22,15.02,14.75,15.7,17.69
Apr-06,transit,23.36,20.96,22.21,18.45,14.92,17.75,20.94
Apr-07,transit,20.8,20.72,20.93,17.6,15.19,16.62,19.59
Apr-08,transit,23.75,21.93,17.45,17.84,14.95,16.59,20.15
Apr-09,transit,22.76,22.18,17.54,15.97,13.59,16.63,19.31
Apr-10,transit,18.18,17.16,15.27,16.93,11.79,14.45,19.51
Apr-11,transit,18.66,16.31,13.85,16.08,13.46,15.44,18.63
Apr-12,transit,16.84,14.97,10.81,14.99,11.16,13.68,17.18
Apr-13,transit,20.23,20.23,15.52,18.43,14.25,16.78,19.21
Apr-14,transit,22.61,20.49,16.08,19.04,14.33,17.64,19.5
Apr-15,transit,21.4,21.18,17.58,19.0,15.06,17.11,20.5
Apr-16,transit,21.47,21.29,15.78,18.67,14.23,16.56,20.48
Apr-17,transit,20.4,20.75,15.82,18.99,15.06,17.2,19.97
Apr-18,transit,20.64,19.8,15.09,18.63,15.33,16.29,20.71
Apr-19,transit,21.07,19.45,14.19,16.83,12.49,15.41,18.73
Apr-20,transit,23.8,25.88,15.09,20.53,17.19,19.44,20.88
Apr-21,transit,23.79,25.78,16.34,20.07,14.35,17.13,19.23
Apr-22,transit,22.14,24.39,16.3,20.75,15.68,17.73,19.06
Apr-23,transit,23.75,23.52,17.88,20.19,15.92,17.81,19.75
Apr-24,transit,26.96,25.38,18.22,21.05,14.95,18.77,20.6
Apr-25,transit,23.26,21.58,16.38,20.61,15.42,17.74,20.08
Apr-26,transit,22.75,23.49,17.58,18.45,15.28,16.02,18.88
Apr-27,transit,25.39,26.24,17.07,23.29,16.74,20.32,21.5
Apr-28,transit,28.2,26.6,15.95,23.07,19.49,19.5,21.08
Apr-29,transit,27.26,27.46,17.41,23.81,17.3,18.96,20.18
Apr-30,transit,27.82,25.4,20.88,22.32,17.21,20.39,22.2
May-01,transit,29.18,28.07,17.02,25.24,18.29,21.5,23.92
May-02,transit,29.38,26.22,19.34,24.83,19.48,19.89,21.73
May-03,transit,26.81,22.72,23.84,23.78,19.94,21.58,21.83
May-04,transit,30.22,29.15,21.4,27.74,19.66,23.18,23.69
May-05,transit,29.27,30.52,22.56,28.76,21.29,23.32,23.9
May-06,transit,28.76,30.45,21.83,29.19,22.34,22.45,23.4
May-07,transit,28.22,30.03,21.91,26.54,19.79,21.61,25.24
May-08,transit,30.36,32.06,22.6,26.09,18.84,21.91,28.95
May-09,transit,27.08,28.15,20.33,23.67,18.23,19.72,27.25
May-10,transit,25.08,23.47,22.9,22.55,18.88,18.4,25.16
May-11,transit,0.0,0.0,0.0,0.0,0.0,0.0,0.0
May-12,transit,0.0,0.0,0.0,0.0,0.0,0.0,0.0
May-13,transit,31.66,30.46,20.37,28.82,21.65,24.03,24.37
May-14,transit,33.08,33.38,21.87,28.76,21.5,21.34,25.29
May-15,transit,33.59,34.84,23.37,26.98,20.81,23.2,29.37
May-16,transit,36.04,33.54,24.91,28.02,20.94,23.83,23.63
May-17,transit,33.16,29.26,19.0,26.62,19.99,20.34,24.37
May-18,transit,34.64,33.11,25.17,29.8,22.25,20.69,30.62
May-19,transit,34.75,37.48,22.73,32.58,23.33,26.97,30.82
May-20,transit,33.35,39.01,28.95,32.7,24.82,27.85,29.69
May-21,transit,28.57,32.15,33.7,34.28,22.86,28.1,30.23
May-22,transit,32.0,34.96,26.2,37.03,25.87,29.02,31.44
May-23,transit,33.51,35.05,22.3,34.03,22.76,28.04,31.99
May-24,transit,36.73,35.95,24.27,33.2,21.58,26.12,29.42
May-25,transit,39.16,43.07,26.76,38.39,24.59,30.57,31.26
May-26,transit,39.23,42.52,27.62,39.38,25.85,30.83,35.23
May-27,transit,40.73,40.91,29.5,39.54,26.52,30.71,35.47
May-28,transit,39.89,41.44,27.62,39.02,26.07,27.41,35.88
May-29,transit,43.18,42.11,29.5,39.5,24.85,29.68,39.08
May-30,transit,43.1,36.92,23.33,38.01,23.86,30.76,32.04
May-31,transit,34.52,32.57,27.32,38.07,24.26,28.29,33.25
Jun-01,transit,48.39,49.44,28.82,41.6,28.65,33.75,36.37
Jun-02,transit,45.1,46.83,27.19,40.27,26.8,30.84,31.5
Jun-03,transit,49.4,44.21,28.17,41.97,26.52,32.84,34.89
Jun-04,transit,44.06,44.1,35.63,46.76,29.63,34.36,35.31
Jun-05,transit,44.01,53.55,46.96,46.9,30.8,33.8,40.93
Jun-06,transit,43.79,35.93,33.23,42.15,25.61,33.48,35.93
Jun-07,transit,34.77,34.82,30.36,45.75,27.21,31.51,36.4
Jun-08,transit,44.95,46.96,43.48,49.35,28.31,36.62,36.76
Jun-09,transit,47.26,51.58,42.5,48.76,29.69,36.79,34.39
Jun-10,transit,49.81,50.57,41.68,47.6,29.66,35.69,36.51
Jun-11,transit,49.06,50.29,42.88,46.99,30.08,35.79,37.08
Jun-12,transit,52.84,51.28,38.42,51.58,31.74,37.96,38.83
Jun-13,transit,45.87,43.89,35.08,45.52,30.21,36.05,38.79
Jun-14,transit,42.71,43.07,40.78,45.27,27.85,33.82,34.54
Jun-15,transit,59.08,47.68,47.08,55.12,34.7,39.87,36.85
Jun-16,transit,55.93,51.7,46.78,57.75,33.2,38.81,41.49
Jun-17,transit,50.11,46.29,55.15,56.78,33.77,39.38,45.27
Jun-18,transit,54.34,51.64,50.17,56.18,33.91,39.85,44.99
Jun-19,transit,55.97,54.55,55.7,58.53,34.83,42.2,45.47
Jun-20,transit,55.09,43.43,45.97,52.66,30.67,40.3,37.08
Jun-21,transit,44.21,36.78,40.27,47.82,28.9,34.71,37.08
Jun-22,transit,61.83,53.57,55.06,61.85,35.88,42.18,45.59
Jun-23,transit,55.68,52.03,52.36,58.88,34.79,40.18,42.18
Jun-24,transit,58.81,49.2,56.48,54.87,34.91,43.37,44.23
Jun-25,transit,61.03,52.16,54.46,64.8,35.52,44.68,47.59
Jun-26,transit,60.79,51.27,54.5,65.91,35.46,46.62,47.05
Jun-27,transit,52.88,42.26,56.6,54.94,29.06,42.99,44.15
Jun-28,transit,45.09,39.34,43.74,51.68,30.16,41.69,43.83
Jun-29,transit,63.46,51.51,56.26,63.51,37.76,48.01,48.08
Jun-30,transit,54.13,45.73,57.8,66.79,36.2,48.15,45.13
Jul-01,transit,56.38,40.01,58.49,64.02,38.65,43.95,42.48
Jul-02,transit,63.14,51.31,57.38,69.23,37.62,47.35,45.06
Jul-03,transit,62.23,50.71,63.55,71.13,39.46,48.32,46.78
Jul-04,transit,54.71,40.71,56.05,62.73,32.07,44.39,48.93
Jul-05,transit,47.4,40.2,46.53,58.38,33.27,40.97,48.27
Jul-06,transit,62.25,52.01,57.08,67.95,41.39,48.72,50.43
Jul-07,transit,60.68,49.66,70.37,67.21,39.94,47.99,47.58
Jul-08,transit,60.23,49.15,51.03,67.8,40.68,47.19,49.18
Jul-09,transit,63.33,50.49,54.67,68.63,37.63,48.33,47.92
Jul-10,transit,62.15,54.28,66.3,69.28,37.32,48.76,52.73
Jul-11,transit,58.89,47.1,50.51,55.5,30.57,42.13,46.4
Jul-12,transit,52.68,40.72,49.66,56.22,30.02,42.08,47.51
Jul-13,transit,62.32,53.49,63.98,67.05,36.87,47.97,51.31
Jul-14,transit,63.81,55.61,57.93,67.01,38.35,49.34,51.5
Jul-15,transit,59.46,52.42,55.87,68.64,38.62,48.9,53.79
Jul-16,transit,62.65,47.81,66.38,64.17,35.95,45.34,51.14
Jul-17,transit,57.4,54.4,61.28,67.06,37.04,53.44,52.44
Jul-18,transit,52.08,44.07,58.79,63.15,37.83,48.7,54.15
Jul-19,transit,46.2,39.52,49.49,54.41,30.77,37.98,49.26
Jul-20,transit,63.08,51.22,59.78,65.4,36.67,50.4,54.31
Jul-21,transit,60.49,51.51,65.48,64.17,37.1,48.07,52.01
Jul-22,transit,64.2,53.94,61.79,61.56,35.63,45.39,50.81
Jul-23,transit,54.35,52.71,52.74,62.27,36.95,50.38,48.95
Jul-24,transit,56.78,50.84,65.05,67.38,37.53,52.18,51.03
Jul-25,transit,55.47,46.53,58.19,59.24,34.43,49.36,51.95
Jul-26,transit,49.57,39.75,49.53,51.37,32.5,43.24,48.81
Jul-27,transit,63.0,52.95,58.19,57.48,38.42,49.55,52.78
Jul-28,transit,63.33,51.88,63.68,63.95,40.98,51.07,51.7
Jul-29,transit,61.91,53.66,61.23,60.97,37.48,51.08,52.9
Jul-30,transit,60.87,54.34,58.83,63.34,38.16,52.58,53.27
Jul-31,transit,58.48,54.71,58.83,61.26,38.86,52.54,53.43
Aug-01,transit,49.91,49.28,52.83,58.86,36.79,51.13,51.49
Aug-02,transit,46.59,38.77,45.54,48.61,27.52,39.57,46.22
Aug-03,transit,51.75,40.49,45.75,62.08,36.08,44.71,48.23
Aug-04,transit,66.08,56.56,61.32,55.01,36.83,53.56,56.33
Aug-05,transit,62.35,56.14,65.31,62.47,39.87,58.33,54.18
Aug-06,transit,62.04,57.71,65.18,64.41,39.99,56.19,49.58
Aug-07,transit,56.09,50.76,58.53,64.7,40.84,58.11,51.98
Aug-08,transit,52.79,45.73,53.43,57.84,35.92,55.37,50.43
Aug-09,transit,49.45,42.7,53.34,50.47,32.0,48.46,49.09
Aug-10,transit,64.31,55.32,57.46,62.26,40.93,56.04,53.4
Aug-11,transit,63.87,53.83,56.65,61.39,39.44,55.38,52.54
Aug-12,transit,61.87,54.23,60.25,66.17,44.09,57.23,50.74
Aug-13,transit,60.79,55.97,58.79,67.27,38.85,58.16,52.69
Aug-14,transit,64.16,59.73,62.09,66.44,41.44,60.79,55.16
Aug-15,transit,58.28,45.27,51.89,58.62,38.33,57.05,53.36
Aug-16,transit,52.15,44.4,38.68,55.41,33.86,47.89,49.83
Aug-17,transit,63.44,55.51,60.63,64.31,42.14,56.34,55.24
Aug-18,transit,65.71,59.89,57.42,67.5,42.71,59.39,54.97
Aug-19,transit,70.76,58.69,57.93,68.56,43.3,60.73,52.35
Aug-20,transit,67.33,55.56,55.15,68.88,39.77,59.91,49.29
Aug-21,transit,66.24,56.63,62.61,66.57,42.39,60.35,49.62
Aug-22,transit,59.86,46.34,56.48,61.55,38.18,58.69,52.49
Aug-23,transit,54.51,42.69,48.03,56.39,34.05,51.22,46.23
Aug-24,transit,70.83,56.09,58.88,69.12,44.65,60.11,53.85
Aug-25,transit,73.55,60.82,56.9,74.29,44.83,60.54,55.0
Aug-26,transit,72.08,63.53,57.68,72.67,46.71,59.27,54.58
Aug-27,transit,71.65,61.37,71.53,74.48,42.76,59.13,56.08
Aug-28,transit,72.08,64.28,61.19,72.92,44.38,62.39,57.62
Aug-29,transit,58.87,50.55,51.11,53.9,34.29,54.85,54.25
Aug-30,transit,58.67,54.48,58.88,61.41,40.14,52.39,47.89
Aug-31,transit,77.9,72.8,64.49,73.29,50.93,62.04,56.87
Sep-01,transit,84.15,78.68,76.72,73.05,52.6,62.93,57.84
Sep-02,transit,81.19,85.51,72.08,71.8,50.59,62.53,57.96
Sep-03,transit,84.31,82.57,77.74,75.15,59.53,65.9,58.76
Sep-04,transit,81.48,78.31,88.25,75.65,57.77,65.7,59.66
Sep-05,transit,66.51,53.74,69.21,64.87,50.88,58.57,53.64
Sep-06,transit,51.5,46.66,74.44,56.88,50.92,52.0,50.96
Sep-07,transit,63.65,58.3,53.43,54.8,47.12,49.02,55.12
Sep-08,transit,81.51,92.71,85.51,71.15,63.67,63.68,60.99
Sep-09,transit,81.97,83.54,75.77,68.43,56.38,63.06,60.44
Sep-10,transit,76.57,80.3,84.82,69.23,57.77,63.48,61.43
Sep-11,transit,79.81,76.55,91.47,75.92,64.89,67.39,61.71
Sep-12,transit,64.46,56.8,83.62,67.12,56.66,61.6,52.14
Sep-13,transit,53.24,49.43,69.68,50.26,44.62,53.35,47.96
Sep-14,transit,71.77,75.23,76.03,63.43,56.43,61.77,52.59
Sep-15,transit,70.97,72.62,76.89,63.99,52.94,60.89,53.06
Sep-16,transit,73.17,73.72,79.42,67.29,57.87,61.92,54.86
Sep-17,transit,71.64,73.56,75.26,68.76,56.15,62.26,54.63
Sep-18,transit,79.34,78.22,89.41,76.65,56.9,63.94,55.52
Sep-19,transit,65.09,55.48,88.29,64.37,50.19,58.03,53.94
Sep-20,transit,57.43,49.47,73.93,53.63,43.6,50.28,47.72
Sep-21,transit,70.68,71.51,81.22,61.7,50.63,57.01,54.36
Sep-22,transit,68.69,68.55,47.68,60.42,48.06,56.36,52.17
Sep-23,transit,67.75,67.96,58.96,60.3,50.22,55.66,48.56
Sep-24,transit,70.39,68.98,78.56,62.75,46.2,55.6,49.15
Sep-25,transit,70.73,74.85,90.99,68.4,51.01,61.85,54.43
Sep-26,transit,66.03,57.29,83.49,60.61,47.73,58.28,51.24
Sep-27,transit,52.75,48.41,66.12,49.04,40.66,48.27,46.66
Sep-28,transit,64.42,67.87,73.89,51.84,45.06,53.14,53.83
Sep-29,transit,68.06,71.26,75.3,53.04,45.07,52.11,53.71
Sep-30,transit,66.23,71.17,75.21,54.5,44.06,50.31,52.2
Oct-01,transit,65.77,70.26,83.96,50.09,44.68,52.36,52.32
Oct-02,transit,77.58,70.64,92.84,49.44,43.78,55.95,58.16
Oct-03,transit,64.37,60.85,80.79,41.58,41.88,52.01,54.35
Oct-04,transit,53.31,46.92,65.69,38.92,36.27,42.14,45.69
Oct-05,transit,67.02,65.11,70.84,46.75,39.88,52.25,51.6
Oct-06,transit,67.2,68.6,81.78,50.04,42.88,50.8,51.14
Oct-07,transit,66.17,65.36,74.19,45.22,40.1,49.4,52.12
Oct-08,transit,64.85,64.55,78.52,46.64,42.55,51.1,50.45
Oct-09,transit,66.73,64.88,76.72,49.21,41.4,54.11,51.09
Oct-10,transit,60.6,54.88,78.56,40.13,33.07,45.69,49.05
Oct-11,transit,46.98,41.51,55.27,34.58,26.52,37.6,38.14
Oct-12,transit,44.54,43.24,51.2,38.26,24.99,35.77,42.11
Oct-13,transit,63.32,63.18,76.89,44.24,37.3,49.8,48.6
Oct-14,transit,64.18,64.05,74.49,47.56,39.12,49.39,51.7
Oct-15,transit,62.36,64.45,84.78,47.16,37.68,47.05,50.56
Oct-16,transit,65.58,61.87,84.65,46.89,39.65,52.1,53.49
Oct-17,transit,58.78,50.53,79.29,41.48,36.51,48.68,52.88
Oct-18,transit,48.0,45.78,67.97,37.13,29.25,39.07,44.21
